__run_id,__done,llm,algorithm,cpu_freq_0,cpu_freq_1,cpu_freq_2,cpu_freq_3,cpu_usage_0,cpu_usage_1,cpu_usage_2,cpu_usage_3,total_memory,used_memory,total_swap,used_swap,dram_energy,package_energy,pp0_energy,pp1_energy,run_time
run_0_repetition_0,TODO,ChatGPT,BB, , , , , , , , , , , , , , , , , 
run_1_repetition_0,TODO,ChatGPT,BFA, , , , , , , , , , , , , , , , , 
run_2_repetition_0,TODO,ChatGPT,SWA, , , , , , , , , , , , , , , , , 
run_3_repetition_0,TODO,Claude,BB, , , , , , , , , , , , , , , , , 
run_4_repetition_0,TODO,Claude,BFA, , , , , , , , , , , , , , , , , 
run_5_repetition_0,TODO,Claude,SWA, , , , , , , , , , , , , , , , , 
run_6_repetition_0,TODO,Gemeni,BB, , , , , , , , , , , , , , , , , 
run_7_repetition_0,TODO,Gemeni,BFA, , , , , , , , , , , , , , , , , 
run_8_repetition_0,TODO,Gemeni,SWA, , , , , , , , , , , , , , , , , 
run_0_repetition_1,TODO,ChatGPT,BB, , , , , , , , , , , , , , , , , 
run_1_repetition_1,TODO,ChatGPT,BFA, , , , , , , , , , , , , , , , , 
run_2_repetition_1,TODO,ChatGPT,SWA, , , , , , , , , , , , , , , , , 
run_3_repetition_1,TODO,Claude,BB, , , , , , , , , , , , , , , , , 
run_4_repetition_1,TODO,Claude,BFA, , , , , , , , , , , , , , , , , 
run_5_repetition_1,TODO,Claude,SWA, , , , , , , , , , , , , , , , , 
run_6_repetition_1,TODO,Gemeni,BB, , , , , , , , , , , , , , , , , 
run_7_repetition_1,TODO,Gemeni,BFA, , , , , , , , , , , , , , , , , 
run_8_repetition_1,TODO,Gemeni,SWA, , , , , , , , , , , , , , , , , 
run_0_repetition_2,TODO,ChatGPT,BB, , , , , , , , , , , , , , , , , 
run_1_repetition_2,TODO,ChatGPT,BFA, , , , , , , , , , , , , , , , , 
run_2_repetition_2,TODO,ChatGPT,SWA, , , , , , , , , , , , , , , , , 
run_3_repetition_2,TODO,Claude,BB, , , , , , , , , , , , , , , , , 
run_4_repetition_2,TODO,Claude,BFA, , , , , , , , , , , , , , , , , 
run_5_repetition_2,TODO,Claude,SWA, , , , , , , , , , , , , , , , , 
run_6_repetition_2,TODO,Gemeni,BB, , , , , , , , , , , , , , , , , 
run_7_repetition_2,TODO,Gemeni,BFA, , , , , , , , , , , , , , , , , 
run_8_repetition_2,TODO,Gemeni,SWA, , , , , , , , , , , , , , , , , 
run_0_repetition_3,TODO,ChatGPT,BB, , , , , , , , , , , , , , , , , 
run_1_repetition_3,TODO,ChatGPT,BFA, , , , , , , , , , , , , , , , , 
run_2_repetition_3,TODO,ChatGPT,SWA, , , , , , , , , , , , , , , , , 
run_3_repetition_3,TODO,Claude,BB, , , , , , , , , , , , , , , , , 
run_4_repetition_3,TODO,Claude,BFA, , , , , , , , , , , , , , , , , 
run_5_repetition_3,TODO,Claude,SWA, , , , , , , , , , , , , , , , , 
run_6_repetition_3,TODO,Gemeni,BB, , , , , , , , , , , , , , , , , 
run_7_repetition_3,TODO,Gemeni,BFA, , , , , , , , , , , , , , , , , 
run_8_repetition_3,TODO,Gemeni,SWA, , , , , , , , , , , , , , , , , 
run_0_repetition_4,TODO,ChatGPT,BB, , , , , , , , , , , , , , , , , 
run_1_repetition_4,TODO,ChatGPT,BFA, , , , , , , , , , , , , , , , , 
run_2_repetition_4,TODO,ChatGPT,SWA, , , , , , , , , , , , , , , , , 
run_3_repetition_4,TODO,Claude,BB, , , , , , , , , , , , , , , , , 
run_4_repetition_4,TODO,Claude,BFA, , , , , , , , , , , , , , , , , 
run_5_repetition_4,TODO,Claude,SWA, , , , , , , , , , , , , , , , , 
run_6_repetition_4,TODO,Gemeni,BB, , , , , , , , , , , , , , , , , 
run_7_repetition_4,TODO,Gemeni,BFA, , , , , , , , , , , , , , , , , 
run_8_repetition_4,TODO,Gemeni,SWA, , , , , , , , , , , , , , , , , 
run_0_repetition_5,TODO,ChatGPT,BB, , , , , , , , , , , , , , , , , 
run_1_repetition_5,TODO,ChatGPT,BFA, , , , , , , , , , , , , , , , , 
run_2_repetition_5,TODO,ChatGPT,SWA, , , , , , , , , , , , , , , , , 
run_3_repetition_5,TODO,Claude,BB, , , , , , , , , , , , , , , , , 
run_4_repetition_5,TODO,Claude,BFA, , , , , , , , , , , , , , , , , 
run_5_repetition_5,TODO,Claude,SWA, , , , , , , , , , , , , , , , , 
run_6_repetition_5,TODO,Gemeni,BB, , , , , , , , , , , , , , , , , 
run_7_repetition_5,TODO,Gemeni,BFA, , , , , , , , , , , , , , , , , 
run_8_repetition_5,TODO,Gemeni,SWA, , , , , , , , , , , , , , , , , 
run_0_repetition_6,TODO,ChatGPT,BB, , , , , , , , , , , , , , , , , 
run_1_repetition_6,TODO,ChatGPT,BFA, , , , , , , , , , , , , , , , , 
run_2_repetition_6,TODO,ChatGPT,SWA, , , , , , , , , , , , , , , , , 
run_3_repetition_6,TODO,Claude,BB, , , , , , , , , , , , , , , , , 
run_4_repetition_6,TODO,Claude,BFA, , , , , , , , , , , , , , , , , 
run_5_repetition_6,TODO,Claude,SWA, , , , , , , , , , , , , , , , , 
run_6_repetition_6,TODO,Gemeni,BB, , , , , , , , , , , , , , , , , 
run_7_repetition_6,TODO,Gemeni,BFA, , , , , , , , , , , , , , , , , 
run_8_repetition_6,TODO,Gemeni,SWA, , , , , , , , , , , , , , , , , 
run_0_repetition_7,TODO,ChatGPT,BB, , , , , , , , , , , , , , , , , 
run_1_repetition_7,TODO,ChatGPT,BFA, , , , , , , , , , , , , , , , , 
run_2_repetition_7,TODO,ChatGPT,SWA, , , , , , , , , , , , , , , , , 
run_3_repetition_7,TODO,Claude,BB, , , , , , , , , , , , , , , , , 
run_4_repetition_7,TODO,Claude,BFA, , , , , , , , , , , , , , , , , 
run_5_repetition_7,TODO,Claude,SWA, , , , , , , , , , , , , , , , , 
run_6_repetition_7,TODO,Gemeni,BB, , , , , , , , , , , , , , , , , 
run_7_repetition_7,TODO,Gemeni,BFA, , , , , , , , , , , , , , , , , 
run_8_repetition_7,TODO,Gemeni,SWA, , , , , , , , , , , , , , , , , 
run_0_repetition_8,TODO,ChatGPT,BB, , , , , , , , , , , , , , , , , 
run_1_repetition_8,TODO,ChatGPT,BFA, , , , , , , , , , , , , , , , , 
run_2_repetition_8,TODO,ChatGPT,SWA, , , , , , , , , , , , , , , , , 
run_3_repetition_8,TODO,Claude,BB, , , , , , , , , , , , , , , , , 
run_4_repetition_8,TODO,Claude,BFA, , , , , , , , , , , , , , , , , 
run_5_repetition_8,TODO,Claude,SWA, , , , , , , , , , , , , , , , , 
run_6_repetition_8,TODO,Gemeni,BB, , , , , , , , , , , , , , , , , 
run_7_repetition_8,TODO,Gemeni,BFA, , , , , , , , , , , , , , , , , 
run_8_repetition_8,TODO,Gemeni,SWA, , , , , , , , , , , , , , , , , 
run_0_repetition_9,TODO,ChatGPT,BB, , , , , , , , , , , , , , , , , 
run_1_repetition_9,TODO,ChatGPT,BFA, , , , , , , , , , , , , , , , , 
run_2_repetition_9,TODO,ChatGPT,SWA, , , , , , , , , , , , , , , , , 
run_3_repetition_9,TODO,Claude,BB, , , , , , , , , , , , , , , , , 
run_4_repetition_9,TODO,Claude,BFA, , , , , , , , , , , , , , , , , 
run_5_repetition_9,TODO,Claude,SWA, , , , , , , , , , , , , , , , , 
run_6_repetition_9,TODO,Gemeni,BB, , , , , , , , , , , , , , , , , 
run_7_repetition_9,TODO,Gemeni,BFA, , , , , , , , , , , , , , , , , 
run_8_repetition_9,TODO,Gemeni,SWA, , , , , , , , , , , , , , , , , 
run_0_repetition_10,TODO,ChatGPT,BB, , , , , , , , , , , , , , , , , 
run_1_repetition_10,TODO,ChatGPT,BFA, , , , , , , , , , , , , , , , , 
run_2_repetition_10,TODO,ChatGPT,SWA, , , , , , , , , , , , , , , , , 
run_3_repetition_10,TODO,Claude,BB, , , , , , , , , , , , , , , , , 
run_4_repetition_10,TODO,Claude,BFA, , , , , , , , , , , , , , , , , 
run_5_repetition_10,TODO,Claude,SWA, , , , , , , , , , , , , , , , , 
run_6_repetition_10,TODO,Gemeni,BB, , , , , , , , , , , , , , , , , 
run_7_repetition_10,TODO,Gemeni,BFA, , , , , , , , , , , , , , , , , 
run_8_repetition_10,TODO,Gemeni,SWA, , , , , , , , , , , , , , , , , 
run_0_repetition_11,TODO,ChatGPT,BB, , , , , , , , , , , , , , , , , 
run_1_repetition_11,TODO,ChatGPT,BFA, , , , , , , , , , , , , , , , , 
run_2_repetition_11,TODO,ChatGPT,SWA, , , , , , , , , , , , , , , , , 
run_3_repetition_11,TODO,Claude,BB, , , , , , , , , , , , , , , , , 
run_4_repetition_11,TODO,Claude,BFA, , , , , , , , , , , , , , , , , 
run_5_repetition_11,TODO,Claude,SWA, , , , , , , , , , , , , , , , , 
run_6_repetition_11,TODO,Gemeni,BB, , , , , , , , , , , , , , , , , 
run_7_repetition_11,TODO,Gemeni,BFA, , , , , , , , , , , , , , , , , 
run_8_repetition_11,TODO,Gemeni,SWA, , , , , , , , , , , , , , , , , 
run_0_repetition_12,TODO,ChatGPT,BB, , , , , , , , , , , , , , , , , 
run_1_repetition_12,TODO,ChatGPT,BFA, , , , , , , , , , , , , , , , , 
run_2_repetition_12,TODO,ChatGPT,SWA, , , , , , , , , , , , , , , , , 
run_3_repetition_12,TODO,Claude,BB, , , , , , , , , , , , , , , , , 
run_4_repetition_12,TODO,Claude,BFA, , , , , , , , , , , , , , , , , 
run_5_repetition_12,TODO,Claude,SWA, , , , , , , , , , , , , , , , , 
run_6_repetition_12,TODO,Gemeni,BB, , , , , , , , , , , , , , , , , 
run_7_repetition_12,TODO,Gemeni,BFA, , , , , , , , , , , , , , , , , 
run_8_repetition_12,TODO,Gemeni,SWA, , , , , , , , , , , , , , , , , 
run_0_repetition_13,TODO,ChatGPT,BB, , , , , , , , , , , , , , , , , 
run_1_repetition_13,TODO,ChatGPT,BFA, , , , , , , , , , , , , , , , , 
run_2_repetition_13,TODO,ChatGPT,SWA, , , , , , , , , , , , , , , , , 
run_3_repetition_13,TODO,Claude,BB, , , , , , , , , , , , , , , , , 
run_4_repetition_13,TODO,Claude,BFA, , , , , , , , , , , , , , , , , 
run_5_repetition_13,TODO,Claude,SWA, , , , , , , , , , , , , , , , , 
run_6_repetition_13,TODO,Gemeni,BB, , , , , , , , , , , , , , , , , 
run_7_repetition_13,TODO,Gemeni,BFA, , , , , , , , , , , , , , , , , 
run_8_repetition_13,TODO,Gemeni,SWA, , , , , , , , , , , , , , , , , 
run_0_repetition_14,TODO,ChatGPT,BB, , , , , , , , , , , , , , , , , 
run_1_repetition_14,TODO,ChatGPT,BFA, , , , , , , , , , , , , , , , , 
run_2_repetition_14,TODO,ChatGPT,SWA, , , , , , , , , , , , , , , , , 
run_3_repetition_14,TODO,Claude,BB, , , , , , , , , , , , , , , , , 
run_4_repetition_14,TODO,Claude,BFA, , , , , , , , , , , , , , , , , 
run_5_repetition_14,TODO,Claude,SWA, , , , , , , , , , , , , , , , , 
run_6_repetition_14,TODO,Gemeni,BB, , , , , , , , , , , , , , , , , 
run_7_repetition_14,TODO,Gemeni,BFA, , , , , , , , , , , , , , , , , 
run_8_repetition_14,TODO,Gemeni,SWA, , , , , , , , , , , , , , , , , 
run_0_repetition_15,TODO,ChatGPT,BB, , , , , , , , , , , , , , , , , 
run_1_repetition_15,TODO,ChatGPT,BFA, , , , , , , , , , , , , , , , , 
run_2_repetition_15,TODO,ChatGPT,SWA, , , , , , , , , , , , , , , , , 
run_3_repetition_15,TODO,Claude,BB, , , , , , , , , , , , , , , , , 
run_4_repetition_15,TODO,Claude,BFA, , , , , , , , , , , , , , , , , 
run_5_repetition_15,TODO,Claude,SWA, , , , , , , , , , , , , , , , , 
run_6_repetition_15,TODO,Gemeni,BB, , , , , , , , , , , , , , , , , 
run_7_repetition_15,TODO,Gemeni,BFA, , , , , , , , , , , , , , , , , 
run_8_repetition_15,TODO,Gemeni,SWA, , , , , , , , , , , , , , , , , 
run_0_repetition_16,TODO,ChatGPT,BB, , , , , , , , , , , , , , , , , 
run_1_repetition_16,TODO,ChatGPT,BFA, , , , , , , , , , , , , , , , , 
run_2_repetition_16,TODO,ChatGPT,SWA, , , , , , , , , , , , , , , , , 
run_3_repetition_16,TODO,Claude,BB, , , , , , , , , , , , , , , , , 
run_4_repetition_16,TODO,Claude,BFA, , , , , , , , , , , , , , , , , 
run_5_repetition_16,TODO,Claude,SWA, , , , , , , , , , , , , , , , , 
run_6_repetition_16,TODO,Gemeni,BB, , , , , , , , , , , , , , , , , 
run_7_repetition_16,TODO,Gemeni,BFA, , , , , , , , , , , , , , , , , 
run_8_repetition_16,TODO,Gemeni,SWA, , , , , , , , , , , , , , , , , 
run_0_repetition_17,TODO,ChatGPT,BB, , , , , , , , , , , , , , , , , 
run_1_repetition_17,TODO,ChatGPT,BFA, , , , , , , , , , , , , , , , , 
run_2_repetition_17,TODO,ChatGPT,SWA, , , , , , , , , , , , , , , , , 
run_3_repetition_17,TODO,Claude,BB, , , , , , , , , , , , , , , , , 
run_4_repetition_17,TODO,Claude,BFA, , , , , , , , , , , , , , , , , 
run_5_repetition_17,TODO,Claude,SWA, , , , , , , , , , , , , , , , , 
run_6_repetition_17,TODO,Gemeni,BB, , , , , , , , , , , , , , , , , 
run_7_repetition_17,TODO,Gemeni,BFA, , , , , , , , , , , , , , , , , 
run_8_repetition_17,TODO,Gemeni,SWA, , , , , , , , , , , , , , , , , 
run_0_repetition_18,TODO,ChatGPT,BB, , , , , , , , , , , , , , , , , 
run_1_repetition_18,TODO,ChatGPT,BFA, , , , , , , , , , , , , , , , , 
run_2_repetition_18,TODO,ChatGPT,SWA, , , , , , , , , , , , , , , , , 
run_3_repetition_18,TODO,Claude,BB, , , , , , , , , , , , , , , , , 
run_4_repetition_18,TODO,Claude,BFA, , , , , , , , , , , , , , , , , 
run_5_repetition_18,TODO,Claude,SWA, , , , , , , , , , , , , , , , , 
run_6_repetition_18,TODO,Gemeni,BB, , , , , , , , , , , , , , , , , 
run_7_repetition_18,TODO,Gemeni,BFA, , , , , , , , , , , , , , , , , 
run_8_repetition_18,TODO,Gemeni,SWA, , , , , , , , , , , , , , , , , 
run_0_repetition_19,TODO,ChatGPT,BB, , , , , , , , , , , , , , , , , 
run_1_repetition_19,TODO,ChatGPT,BFA, , , , , , , , , , , , , , , , , 
run_2_repetition_19,TODO,ChatGPT,SWA, , , , , , , , , , , , , , , , , 
run_3_repetition_19,TODO,Claude,BB, , , , , , , , , , , , , , , , , 
run_4_repetition_19,TODO,Claude,BFA, , , , , , , , , , , , , , , , , 
run_5_repetition_19,TODO,Claude,SWA, , , , , , , , , , , , , , , , , 
run_6_repetition_19,TODO,Gemeni,BB, , , , , , , , , , , , , , , , , 
run_7_repetition_19,TODO,Gemeni,BFA, , , , , , , , , , , , , , , , , 
run_8_repetition_19,TODO,Gemeni,SWA, , , , , , , , , , , , , , , , , 
run_0_repetition_20,TODO,ChatGPT,BB, , , , , , , , , , , , , , , , , 
run_1_repetition_20,TODO,ChatGPT,BFA, , , , , , , , , , , , , , , , , 
run_2_repetition_20,TODO,ChatGPT,SWA, , , , , , , , , , , , , , , , , 
run_3_repetition_20,TODO,Claude,BB, , , , , , , , , , , , , , , , , 
run_4_repetition_20,TODO,Claude,BFA, , , , , , , , , , , , , , , , , 
run_5_repetition_20,TODO,Claude,SWA, , , , , , , , , , , , , , , , , 
run_6_repetition_20,TODO,Gemeni,BB, , , , , , , , , , , , , , , , , 
run_7_repetition_20,TODO,Gemeni,BFA, , , , , , , , , , , , , , , , , 
run_8_repetition_20,TODO,Gemeni,SWA, , , , , , , , , , , , , , , , , 
run_0_repetition_21,TODO,ChatGPT,BB, , , , , , , , , , , , , , , , , 
run_1_repetition_21,TODO,ChatGPT,BFA, , , , , , , , , , , , , , , , , 
run_2_repetition_21,TODO,ChatGPT,SWA, , , , , , , , , , , , , , , , , 
run_3_repetition_21,TODO,Claude,BB, , , , , , , , , , , , , , , , , 
run_4_repetition_21,TODO,Claude,BFA, , , , , , , , , , , , , , , , , 
run_5_repetition_21,TODO,Claude,SWA, , , , , , , , , , , , , , , , , 
run_6_repetition_21,TODO,Gemeni,BB, , , , , , , , , , , , , , , , , 
run_7_repetition_21,TODO,Gemeni,BFA, , , , , , , , , , , , , , , , , 
run_8_repetition_21,TODO,Gemeni,SWA, , , , , , , , , , , , , , , , , 
run_0_repetition_22,TODO,ChatGPT,BB, , , , , , , , , , , , , , , , , 
run_1_repetition_22,TODO,ChatGPT,BFA, , , , , , , , , , , , , , , , , 
run_2_repetition_22,TODO,ChatGPT,SWA, , , , , , , , , , , , , , , , , 
run_3_repetition_22,TODO,Claude,BB, , , , , , , , , , , , , , , , , 
run_4_repetition_22,TODO,Claude,BFA, , , , , , , , , , , , , , , , , 
run_5_repetition_22,TODO,Claude,SWA, , , , , , , , , , , , , , , , , 
run_6_repetition_22,TODO,Gemeni,BB, , , , , , , , , , , , , , , , , 
run_7_repetition_22,TODO,Gemeni,BFA, , , , , , , , , , , , , , , , , 
run_8_repetition_22,TODO,Gemeni,SWA, , , , , , , , , , , , , , , , , 
run_0_repetition_23,TODO,ChatGPT,BB, , , , , , , , , , , , , , , , , 
run_1_repetition_23,TODO,ChatGPT,BFA, , , , , , , , , , , , , , , , , 
run_2_repetition_23,TODO,ChatGPT,SWA, , , , , , , , , , , , , , , , , 
run_3_repetition_23,TODO,Claude,BB, , , , , , , , , , , , , , , , , 
run_4_repetition_23,TODO,Claude,BFA, , , , , , , , , , , , , , , , , 
run_5_repetition_23,TODO,Claude,SWA, , , , , , , , , , , , , , , , , 
run_6_repetition_23,TODO,Gemeni,BB, , , , , , , , , , , , , , , , , 
run_7_repetition_23,TODO,Gemeni,BFA, , , , , , , , , , , , , , , , , 
run_8_repetition_23,TODO,Gemeni,SWA, , , , , , , , , , , , , , , , , 
run_0_repetition_24,TODO,ChatGPT,BB, , , , , , , , , , , , , , , , , 
run_1_repetition_24,TODO,ChatGPT,BFA, , , , , , , , , , , , , , , , , 
run_2_repetition_24,TODO,ChatGPT,SWA, , , , , , , , , , , , , , , , , 
run_3_repetition_24,TODO,Claude,BB, , , , , , , , , , , , , , , , , 
run_4_repetition_24,TODO,Claude,BFA, , , , , , , , , , , , , , , , , 
run_5_repetition_24,TODO,Claude,SWA, , , , , , , , , , , , , , , , , 
run_6_repetition_24,TODO,Gemeni,BB, , , , , , , , , , , , , , , , , 
run_7_repetition_24,TODO,Gemeni,BFA, , , , , , , , , , , , , , , , , 
run_8_repetition_24,TODO,Gemeni,SWA, , , , , , , , , , , , , , , , , 
run_0_repetition_25,TODO,ChatGPT,BB, , , , , , , , , , , , , , , , , 
run_1_repetition_25,TODO,ChatGPT,BFA, , , , , , , , , , , , , , , , , 
run_2_repetition_25,TODO,ChatGPT,SWA, , , , , , , , , , , , , , , , , 
run_3_repetition_25,TODO,Claude,BB, , , , , , , , , , , , , , , , , 
run_4_repetition_25,TODO,Claude,BFA, , , , , , , , , , , , , , , , , 
run_5_repetition_25,TODO,Claude,SWA, , , , , , , , , , , , , , , , , 
run_6_repetition_25,TODO,Gemeni,BB, , , , , , , , , , , , , , , , , 
run_7_repetition_25,TODO,Gemeni,BFA, , , , , , , , , , , , , , , , , 
run_8_repetition_25,TODO,Gemeni,SWA, , , , , , , , , , , , , , , , , 
run_0_repetition_26,TODO,ChatGPT,BB, , , , , , , , , , , , , , , , , 
run_1_repetition_26,TODO,ChatGPT,BFA, , , , , , , , , , , , , , , , , 
run_2_repetition_26,TODO,ChatGPT,SWA, , , , , , , , , , , , , , , , , 
run_3_repetition_26,TODO,Claude,BB, , , , , , , , , , , , , , , , , 
run_4_repetition_26,TODO,Claude,BFA, , , , , , , , , , , , , , , , , 
run_5_repetition_26,TODO,Claude,SWA, , , , , , , , , , , , , , , , , 
run_6_repetition_26,TODO,Gemeni,BB, , , , , , , , , , , , , , , , , 
run_7_repetition_26,TODO,Gemeni,BFA, , , , , , , , , , , , , , , , , 
run_8_repetition_26,TODO,Gemeni,SWA, , , , , , , , , , , , , , , , , 
run_0_repetition_27,TODO,ChatGPT,BB, , , , , , , , , , , , , , , , , 
run_1_repetition_27,TODO,ChatGPT,BFA, , , , , , , , , , , , , , , , , 
run_2_repetition_27,TODO,ChatGPT,SWA, , , , , , , , , , , , , , , , , 
run_3_repetition_27,TODO,Claude,BB, , , , , , , , , , , , , , , , , 
run_4_repetition_27,TODO,Claude,BFA, , , , , , , , , , , , , , , , , 
run_5_repetition_27,TODO,Claude,SWA, , , , , , , , , , , , , , , , , 
run_6_repetition_27,TODO,Gemeni,BB, , , , , , , , , , , , , , , , , 
run_7_repetition_27,TODO,Gemeni,BFA, , , , , , , , , , , , , , , , , 
run_8_repetition_27,TODO,Gemeni,SWA, , , , , , , , , , , , , , , , , 
run_0_repetition_28,TODO,ChatGPT,BB, , , , , , , , , , , , , , , , , 
run_1_repetition_28,TODO,ChatGPT,BFA, , , , , , , , , , , , , , , , , 
run_2_repetition_28,TODO,ChatGPT,SWA, , , , , , , , , , , , , , , , , 
run_3_repetition_28,TODO,Claude,BB, , , , , , , , , , , , , , , , , 
run_4_repetition_28,TODO,Claude,BFA, , , , , , , , , , , , , , , , , 
run_5_repetition_28,TODO,Claude,SWA, , , , , , , , , , , , , , , , , 
run_6_repetition_28,TODO,Gemeni,BB, , , , , , , , , , , , , , , , , 
run_7_repetition_28,TODO,Gemeni,BFA, , , , , , , , , , , , , , , , , 
run_8_repetition_28,TODO,Gemeni,SWA, , , , , , , , , , , , , , , , , 
run_0_repetition_29,TODO,ChatGPT,BB, , , , , , , , , , , , , , , , , 
run_1_repetition_29,TODO,ChatGPT,BFA, , , , , , , , , , , , , , , , , 
run_2_repetition_29,TODO,ChatGPT,SWA, , , , , , , , , , , , , , , , , 
run_3_repetition_29,TODO,Claude,BB, , , , , , , , , , , , , , , , , 
run_4_repetition_29,TODO,Claude,BFA, , , , , , , , , , , , , , , , , 
run_5_repetition_29,TODO,Claude,SWA, , , , , , , , , , , , , , , , , 
run_6_repetition_29,TODO,Gemeni,BB, , , , , , , , , , , , , , , , , 
run_7_repetition_29,TODO,Gemeni,BFA, , , , , , , , , , , , , , , , , 
run_8_repetition_29,TODO,Gemeni,SWA, , , , , , , , , , , , , , , , , 
run_0_repetition_30,TODO,ChatGPT,BB, , , , , , , , , , , , , , , , , 
run_1_repetition_30,TODO,ChatGPT,BFA, , , , , , , , , , , , , , , , , 
run_2_repetition_30,TODO,ChatGPT,SWA, , , , , , , , , , , , , , , , , 
run_3_repetition_30,TODO,Claude,BB, , , , , , , , , , , , , , , , , 
run_4_repetition_30,TODO,Claude,BFA, , , , , , , , , , , , , , , , , 
run_5_repetition_30,TODO,Claude,SWA, , , , , , , , , , , , , , , , , 
run_6_repetition_30,TODO,Gemeni,BB, , , , , , , , , , , , , , , , , 
run_7_repetition_30,TODO,Gemeni,BFA, , , , , , , , , , , , , , , , , 
run_8_repetition_30,TODO,Gemeni,SWA, , , , , , , , , , , , , , , , , 
run_0_repetition_31,TODO,ChatGPT,BB, , , , , , , , , , , , , , , , , 
run_1_repetition_31,TODO,ChatGPT,BFA, , , , , , , , , , , , , , , , , 
run_2_repetition_31,TODO,ChatGPT,SWA, , , , , , , , , , , , , , , , , 
run_3_repetition_31,TODO,Claude,BB, , , , , , , , , , , , , , , , , 
run_4_repetition_31,TODO,Claude,BFA, , , , , , , , , , , , , , , , , 
run_5_repetition_31,TODO,Claude,SWA, , , , , , , , , , , , , , , , , 
run_6_repetition_31,TODO,Gemeni,BB, , , , , , , , , , , , , , , , , 
run_7_repetition_31,TODO,Gemeni,BFA, , , , , , , , , , , , , , , , , 
run_8_repetition_31,TODO,Gemeni,SWA, , , , , , , , , , , , , , , , , 
run_0_repetition_32,TODO,ChatGPT,BB, , , , , , , , , , , , , , , , , 
run_1_repetition_32,TODO,ChatGPT,BFA, , , , , , , , , , , , , , , , , 
run_2_repetition_32,TODO,ChatGPT,SWA, , , , , , , , , , , , , , , , , 
run_3_repetition_32,TODO,Claude,BB, , , , , , , , , , , , , , , , , 
run_4_repetition_32,TODO,Claude,BFA, , , , , , , , , , , , , , , , , 
run_5_repetition_32,TODO,Claude,SWA, , , , , , , , , , , , , , , , , 
run_6_repetition_32,TODO,Gemeni,BB, , , , , , , , , , , , , , , , , 
run_7_repetition_32,TODO,Gemeni,BFA, , , , , , , , , , , , , , , , , 
run_8_repetition_32,TODO,Gemeni,SWA, , , , , , , , , , , , , , , , , 
run_0_repetition_33,TODO,ChatGPT,BB, , , , , , , , , , , , , , , , , 
run_1_repetition_33,TODO,ChatGPT,BFA, , , , , , , , , , , , , , , , , 
run_2_repetition_33,TODO,ChatGPT,SWA, , , , , , , , , , , , , , , , , 
run_3_repetition_33,TODO,Claude,BB, , , , , , , , , , , , , , , , , 
run_4_repetition_33,TODO,Claude,BFA, , , , , , , , , , , , , , , , , 
run_5_repetition_33,TODO,Claude,SWA, , , , , , , , , , , , , , , , , 
run_6_repetition_33,TODO,Gemeni,BB, , , , , , , , , , , , , , , , , 
run_7_repetition_33,TODO,Gemeni,BFA, , , , , , , , , , , , , , , , , 
run_8_repetition_33,TODO,Gemeni,SWA, , , , , , , , , , , , , , , , , 
run_0_repetition_34,TODO,ChatGPT,BB, , , , , , , , , , , , , , , , , 
run_1_repetition_34,TODO,ChatGPT,BFA, , , , , , , , , , , , , , , , , 
run_2_repetition_34,TODO,ChatGPT,SWA, , , , , , , , , , , , , , , , , 
run_3_repetition_34,TODO,Claude,BB, , , , , , , , , , , , , , , , , 
run_4_repetition_34,TODO,Claude,BFA, , , , , , , , , , , , , , , , , 
run_5_repetition_34,TODO,Claude,SWA, , , , , , , , , , , , , , , , , 
run_6_repetition_34,TODO,Gemeni,BB, , , , , , , , , , , , , , , , , 
run_7_repetition_34,TODO,Gemeni,BFA, , , , , , , , , , , , , , , , , 
run_8_repetition_34,TODO,Gemeni,SWA, , , , , , , , , , , , , , , , , 
run_0_repetition_35,TODO,ChatGPT,BB, , , , , , , , , , , , , , , , , 
run_1_repetition_35,TODO,ChatGPT,BFA, , , , , , , , , , , , , , , , , 
run_2_repetition_35,TODO,ChatGPT,SWA, , , , , , , , , , , , , , , , , 
run_3_repetition_35,TODO,Claude,BB, , , , , , , , , , , , , , , , , 
run_4_repetition_35,TODO,Claude,BFA, , , , , , , , , , , , , , , , , 
run_5_repetition_35,TODO,Claude,SWA, , , , , , , , , , , , , , , , , 
run_6_repetition_35,TODO,Gemeni,BB, , , , , , , , , , , , , , , , , 
run_7_repetition_35,TODO,Gemeni,BFA, , , , , , , , , , , , , , , , , 
run_8_repetition_35,TODO,Gemeni,SWA, , , , , , , , , , , , , , , , , 
run_0_repetition_36,TODO,ChatGPT,BB, , , , , , , , , , , , , , , , , 
run_1_repetition_36,TODO,ChatGPT,BFA, , , , , , , , , , , , , , , , , 
run_2_repetition_36,TODO,ChatGPT,SWA, , , , , , , , , , , , , , , , , 
run_3_repetition_36,TODO,Claude,BB, , , , , , , , , , , , , , , , , 
run_4_repetition_36,TODO,Claude,BFA, , , , , , , , , , , , , , , , , 
run_5_repetition_36,TODO,Claude,SWA, , , , , , , , , , , , , , , , , 
run_6_repetition_36,TODO,Gemeni,BB, , , , , , , , , , , , , , , , , 
run_7_repetition_36,TODO,Gemeni,BFA, , , , , , , , , , , , , , , , , 
run_8_repetition_36,TODO,Gemeni,SWA, , , , , , , , , , , , , , , , , 
run_0_repetition_37,TODO,ChatGPT,BB, , , , , , , , , , , , , , , , , 
run_1_repetition_37,TODO,ChatGPT,BFA, , , , , , , , , , , , , , , , , 
run_2_repetition_37,TODO,ChatGPT,SWA, , , , , , , , , , , , , , , , , 
run_3_repetition_37,TODO,Claude,BB, , , , , , , , , , , , , , , , , 
run_4_repetition_37,TODO,Claude,BFA, , , , , , , , , , , , , , , , , 
run_5_repetition_37,TODO,Claude,SWA, , , , , , , , , , , , , , , , , 
run_6_repetition_37,TODO,Gemeni,BB, , , , , , , , , , , , , , , , , 
run_7_repetition_37,TODO,Gemeni,BFA, , , , , , , , , , , , , , , , , 
run_8_repetition_37,TODO,Gemeni,SWA, , , , , , , , , , , , , , , , , 
run_0_repetition_38,TODO,ChatGPT,BB, , , , , , , , , , , , , , , , , 
run_1_repetition_38,TODO,ChatGPT,BFA, , , , , , , , , , , , , , , , , 
run_2_repetition_38,TODO,ChatGPT,SWA, , , , , , , , , , , , , , , , , 
run_3_repetition_38,TODO,Claude,BB, , , , , , , , , , , , , , , , , 
run_4_repetition_38,TODO,Claude,BFA, , , , , , , , , , , , , , , , , 
run_5_repetition_38,TODO,Claude,SWA, , , , , , , , , , , , , , , , , 
run_6_repetition_38,TODO,Gemeni,BB, , , , , , , , , , , , , , , , , 
run_7_repetition_38,TODO,Gemeni,BFA, , , , , , , , , , , , , , , , , 
run_8_repetition_38,TODO,Gemeni,SWA, , , , , , , , , , , , , , , , , 
run_0_repetition_39,TODO,ChatGPT,BB, , , , , , , , , , , , , , , , , 
run_1_repetition_39,TODO,ChatGPT,BFA, , , , , , , , , , , , , , , , , 
run_2_repetition_39,TODO,ChatGPT,SWA, , , , , , , , , , , , , , , , , 
run_3_repetition_39,TODO,Claude,BB, , , , , , , , , , , , , , , , , 
run_4_repetition_39,TODO,Claude,BFA, , , , , , , , , , , , , , , , , 
run_5_repetition_39,TODO,Claude,SWA, , , , , , , , , , , , , , , , , 
run_6_repetition_39,TODO,Gemeni,BB, , , , , , , , , , , , , , , , , 
run_7_repetition_39,TODO,Gemeni,BFA, , , , , , , , , , , , , , , , , 
run_8_repetition_39,TODO,Gemeni,SWA, , , , , , , , , , , , , , , , , 
run_0_repetition_40,TODO,ChatGPT,BB, , , , , , , , , , , , , , , , , 
run_1_repetition_40,TODO,ChatGPT,BFA, , , , , , , , , , , , , , , , , 
run_2_repetition_40,TODO,ChatGPT,SWA, , , , , , , , , , , , , , , , , 
run_3_repetition_40,TODO,Claude,BB, , , , , , , , , , , , , , , , , 
run_4_repetition_40,TODO,Claude,BFA, , , , , , , , , , , , , , , , , 
run_5_repetition_40,TODO,Claude,SWA, , , , , , , , , , , , , , , , , 
run_6_repetition_40,TODO,Gemeni,BB, , , , , , , , , , , , , , , , , 
run_7_repetition_40,TODO,Gemeni,BFA, , , , , , , , , , , , , , , , , 
run_8_repetition_40,TODO,Gemeni,SWA, , , , , , , , , , , , , , , , , 
run_0_repetition_41,TODO,ChatGPT,BB, , , , , , , , , , , , , , , , , 
run_1_repetition_41,TODO,ChatGPT,BFA, , , , , , , , , , , , , , , , , 
run_2_repetition_41,TODO,ChatGPT,SWA, , , , , , , , , , , , , , , , , 
run_3_repetition_41,TODO,Claude,BB, , , , , , , , , , , , , , , , , 
run_4_repetition_41,TODO,Claude,BFA, , , , , , , , , , , , , , , , , 
run_5_repetition_41,TODO,Claude,SWA, , , , , , , , , , , , , , , , , 
run_6_repetition_41,TODO,Gemeni,BB, , , , , , , , , , , , , , , , , 
run_7_repetition_41,TODO,Gemeni,BFA, , , , , , , , , , , , , , , , , 
run_8_repetition_41,TODO,Gemeni,SWA, , , , , , , , , , , , , , , , , 
run_0_repetition_42,TODO,ChatGPT,BB, , , , , , , , , , , , , , , , , 
run_1_repetition_42,TODO,ChatGPT,BFA, , , , , , , , , , , , , , , , , 
run_2_repetition_42,TODO,ChatGPT,SWA, , , , , , , , , , , , , , , , , 
run_3_repetition_42,TODO,Claude,BB, , , , , , , , , , , , , , , , , 
run_4_repetition_42,TODO,Claude,BFA, , , , , , , , , , , , , , , , , 
run_5_repetition_42,TODO,Claude,SWA, , , , , , , , , , , , , , , , , 
run_6_repetition_42,TODO,Gemeni,BB, , , , , , , , , , , , , , , , , 
run_7_repetition_42,TODO,Gemeni,BFA, , , , , , , , , , , , , , , , , 
run_8_repetition_42,TODO,Gemeni,SWA, , , , , , , , , , , , , , , , , 
run_0_repetition_43,TODO,ChatGPT,BB, , , , , , , , , , , , , , , , , 
run_1_repetition_43,TODO,ChatGPT,BFA, , , , , , , , , , , , , , , , , 
run_2_repetition_43,TODO,ChatGPT,SWA, , , , , , , , , , , , , , , , , 
run_3_repetition_43,TODO,Claude,BB, , , , , , , , , , , , , , , , , 
run_4_repetition_43,TODO,Claude,BFA, , , , , , , , , , , , , , , , , 
run_5_repetition_43,TODO,Claude,SWA, , , , , , , , , , , , , , , , , 
run_6_repetition_43,TODO,Gemeni,BB, , , , , , , , , , , , , , , , , 
run_7_repetition_43,TODO,Gemeni,BFA, , , , , , , , , , , , , , , , , 
run_8_repetition_43,TODO,Gemeni,SWA, , , , , , , , , , , , , , , , , 
run_0_repetition_44,TODO,ChatGPT,BB, , , , , , , , , , , , , , , , , 
run_1_repetition_44,TODO,ChatGPT,BFA, , , , , , , , , , , , , , , , , 
run_2_repetition_44,TODO,ChatGPT,SWA, , , , , , , , , , , , , , , , , 
run_3_repetition_44,TODO,Claude,BB, , , , , , , , , , , , , , , , , 
run_4_repetition_44,TODO,Claude,BFA, , , , , , , , , , , , , , , , , 
run_5_repetition_44,TODO,Claude,SWA, , , , , , , , , , , , , , , , , 
run_6_repetition_44,TODO,Gemeni,BB, , , , , , , , , , , , , , , , , 
run_7_repetition_44,TODO,Gemeni,BFA, , , , , , , , , , , , , , , , , 
run_8_repetition_44,TODO,Gemeni,SWA, , , , , , , , , , , , , , , , , 
run_0_repetition_45,TODO,ChatGPT,BB, , , , , , , , , , , , , , , , , 
run_1_repetition_45,TODO,ChatGPT,BFA, , , , , , , , , , , , , , , , , 
run_2_repetition_45,TODO,ChatGPT,SWA, , , , , , , , , , , , , , , , , 
run_3_repetition_45,TODO,Claude,BB, , , , , , , , , , , , , , , , , 
run_4_repetition_45,TODO,Claude,BFA, , , , , , , , , , , , , , , , , 
run_5_repetition_45,TODO,Claude,SWA, , , , , , , , , , , , , , , , , 
run_6_repetition_45,TODO,Gemeni,BB, , , , , , , , , , , , , , , , , 
run_7_repetition_45,TODO,Gemeni,BFA, , , , , , , , , , , , , , , , , 
run_8_repetition_45,TODO,Gemeni,SWA, , , , , , , , , , , , , , , , , 
run_0_repetition_46,TODO,ChatGPT,BB, , , , , , , , , , , , , , , , , 
run_1_repetition_46,TODO,ChatGPT,BFA, , , , , , , , , , , , , , , , , 
run_2_repetition_46,TODO,ChatGPT,SWA, , , , , , , , , , , , , , , , , 
run_3_repetition_46,TODO,Claude,BB, , , , , , , , , , , , , , , , , 
run_4_repetition_46,TODO,Claude,BFA, , , , , , , , , , , , , , , , , 
run_5_repetition_46,TODO,Claude,SWA, , , , , , , , , , , , , , , , , 
run_6_repetition_46,TODO,Gemeni,BB, , , , , , , , , , , , , , , , , 
run_7_repetition_46,TODO,Gemeni,BFA, , , , , , , , , , , , , , , , , 
run_8_repetition_46,TODO,Gemeni,SWA, , , , , , , , , , , , , , , , , 
run_0_repetition_47,TODO,ChatGPT,BB, , , , , , , , , , , , , , , , , 
run_1_repetition_47,TODO,ChatGPT,BFA, , , , , , , , , , , , , , , , , 
run_2_repetition_47,TODO,ChatGPT,SWA, , , , , , , , , , , , , , , , , 
run_3_repetition_47,TODO,Claude,BB, , , , , , , , , , , , , , , , , 
run_4_repetition_47,TODO,Claude,BFA, , , , , , , , , , , , , , , , , 
run_5_repetition_47,TODO,Claude,SWA, , , , , , , , , , , , , , , , , 
run_6_repetition_47,TODO,Gemeni,BB, , , , , , , , , , , , , , , , , 
run_7_repetition_47,TODO,Gemeni,BFA, , , , , , , , , , , , , , , , , 
run_8_repetition_47,TODO,Gemeni,SWA, , , , , , , , , , , , , , , , , 
run_0_repetition_48,TODO,ChatGPT,BB, , , , , , , , , , , , , , , , , 
run_1_repetition_48,TODO,ChatGPT,BFA, , , , , , , , , , , , , , , , , 
run_2_repetition_48,TODO,ChatGPT,SWA, , , , , , , , , , , , , , , , , 
run_3_repetition_48,TODO,Claude,BB, , , , , , , , , , , , , , , , , 
run_4_repetition_48,TODO,Claude,BFA, , , , , , , , , , , , , , , , , 
run_5_repetition_48,TODO,Claude,SWA, , , , , , , , , , , , , , , , , 
run_6_repetition_48,TODO,Gemeni,BB, , , , , , , , , , , , , , , , , 
run_7_repetition_48,TODO,Gemeni,BFA, , , , , , , , , , , , , , , , , 
run_8_repetition_48,TODO,Gemeni,SWA, , , , , , , , , , , , , , , , , 
run_0_repetition_49,TODO,ChatGPT,BB, , , , , , , , , , , , , , , , , 
run_1_repetition_49,TODO,ChatGPT,BFA, , , , , , , , , , , , , , , , , 
run_2_repetition_49,TODO,ChatGPT,SWA, , , , , , , , , , , , , , , , , 
run_3_repetition_49,TODO,Claude,BB, , , , , , , , , , , , , , , , , 
run_4_repetition_49,TODO,Claude,BFA, , , , , , , , , , , , , , , , , 
run_5_repetition_49,TODO,Claude,SWA, , , , , , , , , , , , , , , , , 
run_6_repetition_49,TODO,Gemeni,BB, , , , , , , , , , , , , , , , , 
run_7_repetition_49,TODO,Gemeni,BFA, , , , , , , , , , , , , , , , , 
run_8_repetition_49,TODO,Gemeni,SWA, , , , , , , , , , , , , , , , , 
run_0_repetition_50,TODO,ChatGPT,BB, , , , , , , , , , , , , , , , , 
run_1_repetition_50,TODO,ChatGPT,BFA, , , , , , , , , , , , , , , , , 
run_2_repetition_50,TODO,ChatGPT,SWA, , , , , , , , , , , , , , , , , 
run_3_repetition_50,TODO,Claude,BB, , , , , , , , , , , , , , , , , 
run_4_repetition_50,TODO,Claude,BFA, , , , , , , , , , , , , , , , , 
run_5_repetition_50,TODO,Claude,SWA, , , , , , , , , , , , , , , , , 
run_6_repetition_50,TODO,Gemeni,BB, , , , , , , , , , , , , , , , , 
run_7_repetition_50,TODO,Gemeni,BFA, , , , , , , , , , , , , , , , , 
run_8_repetition_50,TODO,Gemeni,SWA, , , , , , , , , , , , , , , , , 
run_0_repetition_51,TODO,ChatGPT,BB, , , , , , , , , , , , , , , , , 
run_1_repetition_51,TODO,ChatGPT,BFA, , , , , , , , , , , , , , , , , 
run_2_repetition_51,TODO,ChatGPT,SWA, , , , , , , , , , , , , , , , , 
run_3_repetition_51,TODO,Claude,BB, , , , , , , , , , , , , , , , , 
run_4_repetition_51,TODO,Claude,BFA, , , , , , , , , , , , , , , , , 
run_5_repetition_51,TODO,Claude,SWA, , , , , , , , , , , , , , , , , 
run_6_repetition_51,TODO,Gemeni,BB, , , , , , , , , , , , , , , , , 
run_7_repetition_51,TODO,Gemeni,BFA, , , , , , , , , , , , , , , , , 
run_8_repetition_51,TODO,Gemeni,SWA, , , , , , , , , , , , , , , , , 
run_0_repetition_52,TODO,ChatGPT,BB, , , , , , , , , , , , , , , , , 
run_1_repetition_52,TODO,ChatGPT,BFA, , , , , , , , , , , , , , , , , 
run_2_repetition_52,TODO,ChatGPT,SWA, , , , , , , , , , , , , , , , , 
run_3_repetition_52,TODO,Claude,BB, , , , , , , , , , , , , , , , , 
run_4_repetition_52,TODO,Claude,BFA, , , , , , , , , , , , , , , , , 
run_5_repetition_52,TODO,Claude,SWA, , , , , , , , , , , , , , , , , 
run_6_repetition_52,TODO,Gemeni,BB, , , , , , , , , , , , , , , , , 
run_7_repetition_52,TODO,Gemeni,BFA, , , , , , , , , , , , , , , , , 
run_8_repetition_52,TODO,Gemeni,SWA, , , , , , , , , , , , , , , , , 
run_0_repetition_53,TODO,ChatGPT,BB, , , , , , , , , , , , , , , , , 
run_1_repetition_53,TODO,ChatGPT,BFA, , , , , , , , , , , , , , , , , 
run_2_repetition_53,TODO,ChatGPT,SWA, , , , , , , , , , , , , , , , , 
run_3_repetition_53,TODO,Claude,BB, , , , , , , , , , , , , , , , , 
run_4_repetition_53,TODO,Claude,BFA, , , , , , , , , , , , , , , , , 
run_5_repetition_53,TODO,Claude,SWA, , , , , , , , , , , , , , , , , 
run_6_repetition_53,TODO,Gemeni,BB, , , , , , , , , , , , , , , , , 
run_7_repetition_53,TODO,Gemeni,BFA, , , , , , , , , , , , , , , , , 
run_8_repetition_53,TODO,Gemeni,SWA, , , , , , , , , , , , , , , , , 
run_0_repetition_54,TODO,ChatGPT,BB, , , , , , , , , , , , , , , , , 
run_1_repetition_54,TODO,ChatGPT,BFA, , , , , , , , , , , , , , , , , 
run_2_repetition_54,TODO,ChatGPT,SWA, , , , , , , , , , , , , , , , , 
run_3_repetition_54,TODO,Claude,BB, , , , , , , , , , , , , , , , , 
run_4_repetition_54,TODO,Claude,BFA, , , , , , , , , , , , , , , , , 
run_5_repetition_54,TODO,Claude,SWA, , , , , , , , , , , , , , , , , 
run_6_repetition_54,TODO,Gemeni,BB, , , , , , , , , , , , , , , , , 
run_7_repetition_54,TODO,Gemeni,BFA, , , , , , , , , , , , , , , , , 
run_8_repetition_54,TODO,Gemeni,SWA, , , , , , , , , , , , , , , , , 
run_0_repetition_55,TODO,ChatGPT,BB, , , , , , , , , , , , , , , , , 
run_1_repetition_55,TODO,ChatGPT,BFA, , , , , , , , , , , , , , , , , 
run_2_repetition_55,TODO,ChatGPT,SWA, , , , , , , , , , , , , , , , , 
run_3_repetition_55,TODO,Claude,BB, , , , , , , , , , , , , , , , , 
run_4_repetition_55,TODO,Claude,BFA, , , , , , , , , , , , , , , , , 
run_5_repetition_55,TODO,Claude,SWA, , , , , , , , , , , , , , , , , 
run_6_repetition_55,TODO,Gemeni,BB, , , , , , , , , , , , , , , , , 
run_7_repetition_55,TODO,Gemeni,BFA, , , , , , , , , , , , , , , , , 
run_8_repetition_55,TODO,Gemeni,SWA, , , , , , , , , , , , , , , , , 
run_0_repetition_56,TODO,ChatGPT,BB, , , , , , , , , , , , , , , , , 
run_1_repetition_56,TODO,ChatGPT,BFA, , , , , , , , , , , , , , , , , 
run_2_repetition_56,TODO,ChatGPT,SWA, , , , , , , , , , , , , , , , , 
run_3_repetition_56,TODO,Claude,BB, , , , , , , , , , , , , , , , , 
run_4_repetition_56,TODO,Claude,BFA, , , , , , , , , , , , , , , , , 
run_5_repetition_56,TODO,Claude,SWA, , , , , , , , , , , , , , , , , 
run_6_repetition_56,TODO,Gemeni,BB, , , , , , , , , , , , , , , , , 
run_7_repetition_56,TODO,Gemeni,BFA, , , , , , , , , , , , , , , , , 
run_8_repetition_56,TODO,Gemeni,SWA, , , , , , , , , , , , , , , , , 
run_0_repetition_57,TODO,ChatGPT,BB, , , , , , , , , , , , , , , , , 
run_1_repetition_57,TODO,ChatGPT,BFA, , , , , , , , , , , , , , , , , 
run_2_repetition_57,TODO,ChatGPT,SWA, , , , , , , , , , , , , , , , , 
run_3_repetition_57,TODO,Claude,BB, , , , , , , , , , , , , , , , , 
run_4_repetition_57,TODO,Claude,BFA, , , , , , , , , , , , , , , , , 
run_5_repetition_57,TODO,Claude,SWA, , , , , , , , , , , , , , , , , 
run_6_repetition_57,TODO,Gemeni,BB, , , , , , , , , , , , , , , , , 
run_7_repetition_57,TODO,Gemeni,BFA, , , , , , , , , , , , , , , , , 
run_8_repetition_57,TODO,Gemeni,SWA, , , , , , , , , , , , , , , , , 
run_0_repetition_58,TODO,ChatGPT,BB, , , , , , , , , , , , , , , , , 
run_1_repetition_58,TODO,ChatGPT,BFA, , , , , , , , , , , , , , , , , 
run_2_repetition_58,TODO,ChatGPT,SWA, , , , , , , , , , , , , , , , , 
run_3_repetition_58,TODO,Claude,BB, , , , , , , , , , , , , , , , , 
run_4_repetition_58,TODO,Claude,BFA, , , , , , , , , , , , , , , , , 
run_5_repetition_58,TODO,Claude,SWA, , , , , , , , , , , , , , , , , 
run_6_repetition_58,TODO,Gemeni,BB, , , , , , , , , , , , , , , , , 
run_7_repetition_58,TODO,Gemeni,BFA, , , , , , , , , , , , , , , , , 
run_8_repetition_58,TODO,Gemeni,SWA, , , , , , , , , , , , , , , , , 
run_0_repetition_59,TODO,ChatGPT,BB, , , , , , , , , , , , , , , , , 
run_1_repetition_59,TODO,ChatGPT,BFA, , , , , , , , , , , , , , , , , 
run_2_repetition_59,TODO,ChatGPT,SWA, , , , , , , , , , , , , , , , , 
run_3_repetition_59,TODO,Claude,BB, , , , , , , , , , , , , , , , , 
run_4_repetition_59,TODO,Claude,BFA, , , , , , , , , , , , , , , , , 
run_5_repetition_59,TODO,Claude,SWA, , , , , , , , , , , , , , , , , 
run_6_repetition_59,TODO,Gemeni,BB, , , , , , , , , , , , , , , , , 
run_7_repetition_59,TODO,Gemeni,BFA, , , , , , , , , , , , , , , , , 
run_8_repetition_59,TODO,Gemeni,SWA, , , , , , , , , , , , , , , , , 
run_0_repetition_60,TODO,ChatGPT,BB, , , , , , , , , , , , , , , , , 
run_1_repetition_60,TODO,ChatGPT,BFA, , , , , , , , , , , , , , , , , 
run_2_repetition_60,TODO,ChatGPT,SWA, , , , , , , , , , , , , , , , , 
run_3_repetition_60,TODO,Claude,BB, , , , , , , , , , , , , , , , , 
run_4_repetition_60,TODO,Claude,BFA, , , , , , , , , , , , , , , , , 
run_5_repetition_60,TODO,Claude,SWA, , , , , , , , , , , , , , , , , 
run_6_repetition_60,TODO,Gemeni,BB, , , , , , , , , , , , , , , , , 
run_7_repetition_60,TODO,Gemeni,BFA, , , , , , , , , , , , , , , , , 
run_8_repetition_60,TODO,Gemeni,SWA, , , , , , , , , , , , , , , , , 
run_0_repetition_61,TODO,ChatGPT,BB, , , , , , , , , , , , , , , , , 
run_1_repetition_61,TODO,ChatGPT,BFA, , , , , , , , , , , , , , , , , 
run_2_repetition_61,TODO,ChatGPT,SWA, , , , , , , , , , , , , , , , , 
run_3_repetition_61,TODO,Claude,BB, , , , , , , , , , , , , , , , , 
run_4_repetition_61,TODO,Claude,BFA, , , , , , , , , , , , , , , , , 
run_5_repetition_61,TODO,Claude,SWA, , , , , , , , , , , , , , , , , 
run_6_repetition_61,TODO,Gemeni,BB, , , , , , , , , , , , , , , , , 
run_7_repetition_61,TODO,Gemeni,BFA, , , , , , , , , , , , , , , , , 
run_8_repetition_61,TODO,Gemeni,SWA, , , , , , , , , , , , , , , , , 
run_0_repetition_62,TODO,ChatGPT,BB, , , , , , , , , , , , , , , , , 
run_1_repetition_62,TODO,ChatGPT,BFA, , , , , , , , , , , , , , , , , 
run_2_repetition_62,TODO,ChatGPT,SWA, , , , , , , , , , , , , , , , , 
run_3_repetition_62,TODO,Claude,BB, , , , , , , , , , , , , , , , , 
run_4_repetition_62,TODO,Claude,BFA, , , , , , , , , , , , , , , , , 
run_5_repetition_62,TODO,Claude,SWA, , , , , , , , , , , , , , , , , 
run_6_repetition_62,TODO,Gemeni,BB, , , , , , , , , , , , , , , , , 
run_7_repetition_62,TODO,Gemeni,BFA, , , , , , , , , , , , , , , , , 
run_8_repetition_62,TODO,Gemeni,SWA, , , , , , , , , , , , , , , , , 
run_0_repetition_63,TODO,ChatGPT,BB, , , , , , , , , , , , , , , , , 
run_1_repetition_63,TODO,ChatGPT,BFA, , , , , , , , , , , , , , , , , 
run_2_repetition_63,TODO,ChatGPT,SWA, , , , , , , , , , , , , , , , , 
run_3_repetition_63,TODO,Claude,BB, , , , , , , , , , , , , , , , , 
run_4_repetition_63,TODO,Claude,BFA, , , , , , , , , , , , , , , , , 
run_5_repetition_63,TODO,Claude,SWA, , , , , , , , , , , , , , , , , 
run_6_repetition_63,TODO,Gemeni,BB, , , , , , , , , , , , , , , , , 
run_7_repetition_63,TODO,Gemeni,BFA, , , , , , , , , , , , , , , , , 
run_8_repetition_63,TODO,Gemeni,SWA, , , , , , , , , , , , , , , , , 
run_0_repetition_64,TODO,ChatGPT,BB, , , , , , , , , , , , , , , , , 
run_1_repetition_64,TODO,ChatGPT,BFA, , , , , , , , , , , , , , , , , 
run_2_repetition_64,TODO,ChatGPT,SWA, , , , , , , , , , , , , , , , , 
run_3_repetition_64,TODO,Claude,BB, , , , , , , , , , , , , , , , , 
run_4_repetition_64,TODO,Claude,BFA, , , , , , , , , , , , , , , , , 
run_5_repetition_64,TODO,Claude,SWA, , , , , , , , , , , , , , , , , 
run_6_repetition_64,TODO,Gemeni,BB, , , , , , , , , , , , , , , , , 
run_7_repetition_64,TODO,Gemeni,BFA, , , , , , , , , , , , , , , , , 
run_8_repetition_64,TODO,Gemeni,SWA, , , , , , , , , , , , , , , , , 
run_0_repetition_65,TODO,ChatGPT,BB, , , , , , , , , , , , , , , , , 
run_1_repetition_65,TODO,ChatGPT,BFA, , , , , , , , , , , , , , , , , 
run_2_repetition_65,TODO,ChatGPT,SWA, , , , , , , , , , , , , , , , , 
run_3_repetition_65,TODO,Claude,BB, , , , , , , , , , , , , , , , , 
run_4_repetition_65,TODO,Claude,BFA, , , , , , , , , , , , , , , , , 
run_5_repetition_65,TODO,Claude,SWA, , , , , , , , , , , , , , , , , 
run_6_repetition_65,TODO,Gemeni,BB, , , , , , , , , , , , , , , , , 
run_7_repetition_65,TODO,Gemeni,BFA, , , , , , , , , , , , , , , , , 
run_8_repetition_65,TODO,Gemeni,SWA, , , , , , , , , , , , , , , , , 
run_0_repetition_66,TODO,ChatGPT,BB, , , , , , , , , , , , , , , , , 
run_1_repetition_66,TODO,ChatGPT,BFA, , , , , , , , , , , , , , , , , 
run_2_repetition_66,TODO,ChatGPT,SWA, , , , , , , , , , , , , , , , , 
run_3_repetition_66,TODO,Claude,BB, , , , , , , , , , , , , , , , , 
run_4_repetition_66,TODO,Claude,BFA, , , , , , , , , , , , , , , , , 
run_5_repetition_66,TODO,Claude,SWA, , , , , , , , , , , , , , , , , 
run_6_repetition_66,TODO,Gemeni,BB, , , , , , , , , , , , , , , , , 
run_7_repetition_66,TODO,Gemeni,BFA, , , , , , , , , , , , , , , , , 
run_8_repetition_66,TODO,Gemeni,SWA, , , , , , , , , , , , , , , , , 
run_0_repetition_67,TODO,ChatGPT,BB, , , , , , , , , , , , , , , , , 
run_1_repetition_67,TODO,ChatGPT,BFA, , , , , , , , , , , , , , , , , 
run_2_repetition_67,TODO,ChatGPT,SWA, , , , , , , , , , , , , , , , , 
run_3_repetition_67,TODO,Claude,BB, , , , , , , , , , , , , , , , , 
run_4_repetition_67,TODO,Claude,BFA, , , , , , , , , , , , , , , , , 
run_5_repetition_67,TODO,Claude,SWA, , , , , , , , , , , , , , , , , 
run_6_repetition_67,TODO,Gemeni,BB, , , , , , , , , , , , , , , , , 
run_7_repetition_67,TODO,Gemeni,BFA, , , , , , , , , , , , , , , , , 
run_8_repetition_67,TODO,Gemeni,SWA, , , , , , , , , , , , , , , , , 
run_0_repetition_68,TODO,ChatGPT,BB, , , , , , , , , , , , , , , , , 
run_1_repetition_68,TODO,ChatGPT,BFA, , , , , , , , , , , , , , , , , 
run_2_repetition_68,TODO,ChatGPT,SWA, , , , , , , , , , , , , , , , , 
run_3_repetition_68,TODO,Claude,BB, , , , , , , , , , , , , , , , , 
run_4_repetition_68,TODO,Claude,BFA, , , , , , , , , , , , , , , , , 
run_5_repetition_68,TODO,Claude,SWA, , , , , , , , , , , , , , , , , 
run_6_repetition_68,TODO,Gemeni,BB, , , , , , , , , , , , , , , , , 
run_7_repetition_68,TODO,Gemeni,BFA, , , , , , , , , , , , , , , , , 
run_8_repetition_68,TODO,Gemeni,SWA, , , , , , , , , , , , , , , , , 
run_0_repetition_69,TODO,ChatGPT,BB, , , , , , , , , , , , , , , , , 
run_1_repetition_69,TODO,ChatGPT,BFA, , , , , , , , , , , , , , , , , 
run_2_repetition_69,TODO,ChatGPT,SWA, , , , , , , , , , , , , , , , , 
run_3_repetition_69,TODO,Claude,BB, , , , , , , , , , , , , , , , , 
run_4_repetition_69,TODO,Claude,BFA, , , , , , , , , , , , , , , , , 
run_5_repetition_69,TODO,Claude,SWA, , , , , , , , , , , , , , , , , 
run_6_repetition_69,TODO,Gemeni,BB, , , , , , , , , , , , , , , , , 
run_7_repetition_69,TODO,Gemeni,BFA, , , , , , , , , , , , , , , , , 
run_8_repetition_69,TODO,Gemeni,SWA, , , , , , , , , , , , , , , , , 
run_0_repetition_70,TODO,ChatGPT,BB, , , , , , , , , , , , , , , , , 
run_1_repetition_70,TODO,ChatGPT,BFA, , , , , , , , , , , , , , , , , 
run_2_repetition_70,TODO,ChatGPT,SWA, , , , , , , , , , , , , , , , , 
run_3_repetition_70,TODO,Claude,BB, , , , , , , , , , , , , , , , , 
run_4_repetition_70,TODO,Claude,BFA, , , , , , , , , , , , , , , , , 
run_5_repetition_70,TODO,Claude,SWA, , , , , , , , , , , , , , , , , 
run_6_repetition_70,TODO,Gemeni,BB, , , , , , , , , , , , , , , , , 
run_7_repetition_70,TODO,Gemeni,BFA, , , , , , , , , , , , , , , , , 
run_8_repetition_70,TODO,Gemeni,SWA, , , , , , , , , , , , , , , , , 
run_0_repetition_71,TODO,ChatGPT,BB, , , , , , , , , , , , , , , , , 
run_1_repetition_71,TODO,ChatGPT,BFA, , , , , , , , , , , , , , , , , 
run_2_repetition_71,TODO,ChatGPT,SWA, , , , , , , , , , , , , , , , , 
run_3_repetition_71,TODO,Claude,BB, , , , , , , , , , , , , , , , , 
run_4_repetition_71,TODO,Claude,BFA, , , , , , , , , , , , , , , , , 
run_5_repetition_71,TODO,Claude,SWA, , , , , , , , , , , , , , , , , 
run_6_repetition_71,TODO,Gemeni,BB, , , , , , , , , , , , , , , , , 
run_7_repetition_71,TODO,Gemeni,BFA, , , , , , , , , , , , , , , , , 
run_8_repetition_71,TODO,Gemeni,SWA, , , , , , , , , , , , , , , , , 
run_0_repetition_72,TODO,ChatGPT,BB, , , , , , , , , , , , , , , , , 
run_1_repetition_72,TODO,ChatGPT,BFA, , , , , , , , , , , , , , , , , 
run_2_repetition_72,TODO,ChatGPT,SWA, , , , , , , , , , , , , , , , , 
run_3_repetition_72,TODO,Claude,BB, , , , , , , , , , , , , , , , , 
run_4_repetition_72,TODO,Claude,BFA, , , , , , , , , , , , , , , , , 
run_5_repetition_72,TODO,Claude,SWA, , , , , , , , , , , , , , , , , 
run_6_repetition_72,TODO,Gemeni,BB, , , , , , , , , , , , , , , , , 
run_7_repetition_72,TODO,Gemeni,BFA, , , , , , , , , , , , , , , , , 
run_8_repetition_72,TODO,Gemeni,SWA, , , , , , , , , , , , , , , , , 
run_0_repetition_73,TODO,ChatGPT,BB, , , , , , , , , , , , , , , , , 
run_1_repetition_73,TODO,ChatGPT,BFA, , , , , , , , , , , , , , , , , 
run_2_repetition_73,TODO,ChatGPT,SWA, , , , , , , , , , , , , , , , , 
run_3_repetition_73,TODO,Claude,BB, , , , , , , , , , , , , , , , , 
run_4_repetition_73,TODO,Claude,BFA, , , , , , , , , , , , , , , , , 
run_5_repetition_73,TODO,Claude,SWA, , , , , , , , , , , , , , , , , 
run_6_repetition_73,TODO,Gemeni,BB, , , , , , , , , , , , , , , , , 
run_7_repetition_73,TODO,Gemeni,BFA, , , , , , , , , , , , , , , , , 
run_8_repetition_73,TODO,Gemeni,SWA, , , , , , , , , , , , , , , , , 
run_0_repetition_74,TODO,ChatGPT,BB, , , , , , , , , , , , , , , , , 
run_1_repetition_74,TODO,ChatGPT,BFA, , , , , , , , , , , , , , , , , 
run_2_repetition_74,TODO,ChatGPT,SWA, , , , , , , , , , , , , , , , , 
run_3_repetition_74,TODO,Claude,BB, , , , , , , , , , , , , , , , , 
run_4_repetition_74,TODO,Claude,BFA, , , , , , , , , , , , , , , , , 
run_5_repetition_74,TODO,Claude,SWA, , , , , , , , , , , , , , , , , 
run_6_repetition_74,TODO,Gemeni,BB, , , , , , , , , , , , , , , , , 
run_7_repetition_74,TODO,Gemeni,BFA, , , , , , , , , , , , , , , , , 
run_8_repetition_74,TODO,Gemeni,SWA, , , , , , , , , , , , , , , , , 
run_0_repetition_75,TODO,ChatGPT,BB, , , , , , , , , , , , , , , , , 
run_1_repetition_75,TODO,ChatGPT,BFA, , , , , , , , , , , , , , , , , 
run_2_repetition_75,TODO,ChatGPT,SWA, , , , , , , , , , , , , , , , , 
run_3_repetition_75,TODO,Claude,BB, , , , , , , , , , , , , , , , , 
run_4_repetition_75,TODO,Claude,BFA, , , , , , , , , , , , , , , , , 
run_5_repetition_75,TODO,Claude,SWA, , , , , , , , , , , , , , , , , 
run_6_repetition_75,TODO,Gemeni,BB, , , , , , , , , , , , , , , , , 
run_7_repetition_75,TODO,Gemeni,BFA, , , , , , , , , , , , , , , , , 
run_8_repetition_75,TODO,Gemeni,SWA, , , , , , , , , , , , , , , , , 
run_0_repetition_76,TODO,ChatGPT,BB, , , , , , , , , , , , , , , , , 
run_1_repetition_76,TODO,ChatGPT,BFA, , , , , , , , , , , , , , , , , 
run_2_repetition_76,TODO,ChatGPT,SWA, , , , , , , , , , , , , , , , , 
run_3_repetition_76,TODO,Claude,BB, , , , , , , , , , , , , , , , , 
run_4_repetition_76,TODO,Claude,BFA, , , , , , , , , , , , , , , , , 
run_5_repetition_76,TODO,Claude,SWA, , , , , , , , , , , , , , , , , 
run_6_repetition_76,TODO,Gemeni,BB, , , , , , , , , , , , , , , , , 
run_7_repetition_76,TODO,Gemeni,BFA, , , , , , , , , , , , , , , , , 
run_8_repetition_76,TODO,Gemeni,SWA, , , , , , , , , , , , , , , , , 
run_0_repetition_77,TODO,ChatGPT,BB, , , , , , , , , , , , , , , , , 
run_1_repetition_77,TODO,ChatGPT,BFA, , , , , , , , , , , , , , , , , 
run_2_repetition_77,TODO,ChatGPT,SWA, , , , , , , , , , , , , , , , , 
run_3_repetition_77,TODO,Claude,BB, , , , , , , , , , , , , , , , , 
run_4_repetition_77,TODO,Claude,BFA, , , , , , , , , , , , , , , , , 
run_5_repetition_77,TODO,Claude,SWA, , , , , , , , , , , , , , , , , 
run_6_repetition_77,TODO,Gemeni,BB, , , , , , , , , , , , , , , , , 
run_7_repetition_77,TODO,Gemeni,BFA, , , , , , , , , , , , , , , , , 
run_8_repetition_77,TODO,Gemeni,SWA, , , , , , , , , , , , , , , , , 
run_0_repetition_78,TODO,ChatGPT,BB, , , , , , , , , , , , , , , , , 
run_1_repetition_78,TODO,ChatGPT,BFA, , , , , , , , , , , , , , , , , 
run_2_repetition_78,TODO,ChatGPT,SWA, , , , , , , , , , , , , , , , , 
run_3_repetition_78,TODO,Claude,BB, , , , , , , , , , , , , , , , , 
run_4_repetition_78,TODO,Claude,BFA, , , , , , , , , , , , , , , , , 
run_5_repetition_78,TODO,Claude,SWA, , , , , , , , , , , , , , , , , 
run_6_repetition_78,TODO,Gemeni,BB, , , , , , , , , , , , , , , , , 
run_7_repetition_78,TODO,Gemeni,BFA, , , , , , , , , , , , , , , , , 
run_8_repetition_78,TODO,Gemeni,SWA, , , , , , , , , , , , , , , , , 
run_0_repetition_79,TODO,ChatGPT,BB, , , , , , , , , , , , , , , , , 
run_1_repetition_79,TODO,ChatGPT,BFA, , , , , , , , , , , , , , , , , 
run_2_repetition_79,TODO,ChatGPT,SWA, , , , , , , , , , , , , , , , , 
run_3_repetition_79,TODO,Claude,BB, , , , , , , , , , , , , , , , , 
run_4_repetition_79,TODO,Claude,BFA, , , , , , , , , , , , , , , , , 
run_5_repetition_79,TODO,Claude,SWA, , , , , , , , , , , , , , , , , 
run_6_repetition_79,TODO,Gemeni,BB, , , , , , , , , , , , , , , , , 
run_7_repetition_79,TODO,Gemeni,BFA, , , , , , , , , , , , , , , , , 
run_8_repetition_79,TODO,Gemeni,SWA, , , , , , , , , , , , , , , , , 
run_0_repetition_80,TODO,ChatGPT,BB, , , , , , , , , , , , , , , , , 
run_1_repetition_80,TODO,ChatGPT,BFA, , , , , , , , , , , , , , , , , 
run_2_repetition_80,TODO,ChatGPT,SWA, , , , , , , , , , , , , , , , , 
run_3_repetition_80,TODO,Claude,BB, , , , , , , , , , , , , , , , , 
run_4_repetition_80,TODO,Claude,BFA, , , , , , , , , , , , , , , , , 
run_5_repetition_80,TODO,Claude,SWA, , , , , , , , , , , , , , , , , 
run_6_repetition_80,TODO,Gemeni,BB, , , , , , , , , , , , , , , , , 
run_7_repetition_80,TODO,Gemeni,BFA, , , , , , , , , , , , , , , , , 
run_8_repetition_80,TODO,Gemeni,SWA, , , , , , , , , , , , , , , , , 
run_0_repetition_81,TODO,ChatGPT,BB, , , , , , , , , , , , , , , , , 
run_1_repetition_81,TODO,ChatGPT,BFA, , , , , , , , , , , , , , , , , 
run_2_repetition_81,TODO,ChatGPT,SWA, , , , , , , , , , , , , , , , , 
run_3_repetition_81,TODO,Claude,BB, , , , , , , , , , , , , , , , , 
run_4_repetition_81,TODO,Claude,BFA, , , , , , , , , , , , , , , , , 
run_5_repetition_81,TODO,Claude,SWA, , , , , , , , , , , , , , , , , 
run_6_repetition_81,TODO,Gemeni,BB, , , , , , , , , , , , , , , , , 
run_7_repetition_81,TODO,Gemeni,BFA, , , , , , , , , , , , , , , , , 
run_8_repetition_81,TODO,Gemeni,SWA, , , , , , , , , , , , , , , , , 
run_0_repetition_82,TODO,ChatGPT,BB, , , , , , , , , , , , , , , , , 
run_1_repetition_82,TODO,ChatGPT,BFA, , , , , , , , , , , , , , , , , 
run_2_repetition_82,TODO,ChatGPT,SWA, , , , , , , , , , , , , , , , , 
run_3_repetition_82,TODO,Claude,BB, , , , , , , , , , , , , , , , , 
run_4_repetition_82,TODO,Claude,BFA, , , , , , , , , , , , , , , , , 
run_5_repetition_82,TODO,Claude,SWA, , , , , , , , , , , , , , , , , 
run_6_repetition_82,TODO,Gemeni,BB, , , , , , , , , , , , , , , , , 
run_7_repetition_82,TODO,Gemeni,BFA, , , , , , , , , , , , , , , , , 
run_8_repetition_82,TODO,Gemeni,SWA, , , , , , , , , , , , , , , , , 
run_0_repetition_83,TODO,ChatGPT,BB, , , , , , , , , , , , , , , , , 
run_1_repetition_83,TODO,ChatGPT,BFA, , , , , , , , , , , , , , , , , 
run_2_repetition_83,TODO,ChatGPT,SWA, , , , , , , , , , , , , , , , , 
run_3_repetition_83,TODO,Claude,BB, , , , , , , , , , , , , , , , , 
run_4_repetition_83,TODO,Claude,BFA, , , , , , , , , , , , , , , , , 
run_5_repetition_83,TODO,Claude,SWA, , , , , , , , , , , , , , , , , 
run_6_repetition_83,TODO,Gemeni,BB, , , , , , , , , , , , , , , , , 
run_7_repetition_83,TODO,Gemeni,BFA, , , , , , , , , , , , , , , , , 
run_8_repetition_83,TODO,Gemeni,SWA, , , , , , , , , , , , , , , , , 
run_0_repetition_84,TODO,ChatGPT,BB, , , , , , , , , , , , , , , , , 
run_1_repetition_84,TODO,ChatGPT,BFA, , , , , , , , , , , , , , , , , 
run_2_repetition_84,TODO,ChatGPT,SWA, , , , , , , , , , , , , , , , , 
run_3_repetition_84,TODO,Claude,BB, , , , , , , , , , , , , , , , , 
run_4_repetition_84,TODO,Claude,BFA, , , , , , , , , , , , , , , , , 
run_5_repetition_84,TODO,Claude,SWA, , , , , , , , , , , , , , , , , 
run_6_repetition_84,TODO,Gemeni,BB, , , , , , , , , , , , , , , , , 
run_7_repetition_84,TODO,Gemeni,BFA, , , , , , , , , , , , , , , , , 
run_8_repetition_84,TODO,Gemeni,SWA, , , , , , , , , , , , , , , , , 
run_0_repetition_85,TODO,ChatGPT,BB, , , , , , , , , , , , , , , , , 
run_1_repetition_85,TODO,ChatGPT,BFA, , , , , , , , , , , , , , , , , 
run_2_repetition_85,TODO,ChatGPT,SWA, , , , , , , , , , , , , , , , , 
run_3_repetition_85,TODO,Claude,BB, , , , , , , , , , , , , , , , , 
run_4_repetition_85,TODO,Claude,BFA, , , , , , , , , , , , , , , , , 
run_5_repetition_85,TODO,Claude,SWA, , , , , , , , , , , , , , , , , 
run_6_repetition_85,TODO,Gemeni,BB, , , , , , , , , , , , , , , , , 
run_7_repetition_85,TODO,Gemeni,BFA, , , , , , , , , , , , , , , , , 
run_8_repetition_85,TODO,Gemeni,SWA, , , , , , , , , , , , , , , , , 
run_0_repetition_86,TODO,ChatGPT,BB, , , , , , , , , , , , , , , , , 
run_1_repetition_86,TODO,ChatGPT,BFA, , , , , , , , , , , , , , , , , 
run_2_repetition_86,TODO,ChatGPT,SWA, , , , , , , , , , , , , , , , , 
run_3_repetition_86,TODO,Claude,BB, , , , , , , , , , , , , , , , , 
run_4_repetition_86,TODO,Claude,BFA, , , , , , , , , , , , , , , , , 
run_5_repetition_86,TODO,Claude,SWA, , , , , , , , , , , , , , , , , 
run_6_repetition_86,TODO,Gemeni,BB, , , , , , , , , , , , , , , , , 
run_7_repetition_86,TODO,Gemeni,BFA, , , , , , , , , , , , , , , , , 
run_8_repetition_86,TODO,Gemeni,SWA, , , , , , , , , , , , , , , , , 
run_0_repetition_87,TODO,ChatGPT,BB, , , , , , , , , , , , , , , , , 
run_1_repetition_87,TODO,ChatGPT,BFA, , , , , , , , , , , , , , , , , 
run_2_repetition_87,TODO,ChatGPT,SWA, , , , , , , , , , , , , , , , , 
run_3_repetition_87,TODO,Claude,BB, , , , , , , , , , , , , , , , , 
run_4_repetition_87,TODO,Claude,BFA, , , , , , , , , , , , , , , , , 
run_5_repetition_87,TODO,Claude,SWA, , , , , , , , , , , , , , , , , 
run_6_repetition_87,TODO,Gemeni,BB, , , , , , , , , , , , , , , , , 
run_7_repetition_87,TODO,Gemeni,BFA, , , , , , , , , , , , , , , , , 
run_8_repetition_87,TODO,Gemeni,SWA, , , , , , , , , , , , , , , , , 
run_0_repetition_88,TODO,ChatGPT,BB, , , , , , , , , , , , , , , , , 
run_1_repetition_88,TODO,ChatGPT,BFA, , , , , , , , , , , , , , , , , 
run_2_repetition_88,TODO,ChatGPT,SWA, , , , , , , , , , , , , , , , , 
run_3_repetition_88,TODO,Claude,BB, , , , , , , , , , , , , , , , , 
run_4_repetition_88,TODO,Claude,BFA, , , , , , , , , , , , , , , , , 
run_5_repetition_88,TODO,Claude,SWA, , , , , , , , , , , , , , , , , 
run_6_repetition_88,TODO,Gemeni,BB, , , , , , , , , , , , , , , , , 
run_7_repetition_88,TODO,Gemeni,BFA, , , , , , , , , , , , , , , , , 
run_8_repetition_88,TODO,Gemeni,SWA, , , , , , , , , , , , , , , , , 
run_0_repetition_89,TODO,ChatGPT,BB, , , , , , , , , , , , , , , , , 
run_1_repetition_89,TODO,ChatGPT,BFA, , , , , , , , , , , , , , , , , 
run_2_repetition_89,TODO,ChatGPT,SWA, , , , , , , , , , , , , , , , , 
run_3_repetition_89,TODO,Claude,BB, , , , , , , , , , , , , , , , , 
run_4_repetition_89,TODO,Claude,BFA, , , , , , , , , , , , , , , , , 
run_5_repetition_89,TODO,Claude,SWA, , , , , , , , , , , , , , , , , 
run_6_repetition_89,TODO,Gemeni,BB, , , , , , , , , , , , , , , , , 
run_7_repetition_89,TODO,Gemeni,BFA, , , , , , , , , , , , , , , , , 
run_8_repetition_89,TODO,Gemeni,SWA, , , , , , , , , , , , , , , , , 
run_0_repetition_90,TODO,ChatGPT,BB, , , , , , , , , , , , , , , , , 
run_1_repetition_90,TODO,ChatGPT,BFA, , , , , , , , , , , , , , , , , 
run_2_repetition_90,TODO,ChatGPT,SWA, , , , , , , , , , , , , , , , , 
run_3_repetition_90,TODO,Claude,BB, , , , , , , , , , , , , , , , , 
run_4_repetition_90,TODO,Claude,BFA, , , , , , , , , , , , , , , , , 
run_5_repetition_90,TODO,Claude,SWA, , , , , , , , , , , , , , , , , 
run_6_repetition_90,TODO,Gemeni,BB, , , , , , , , , , , , , , , , , 
run_7_repetition_90,TODO,Gemeni,BFA, , , , , , , , , , , , , , , , , 
run_8_repetition_90,TODO,Gemeni,SWA, , , , , , , , , , , , , , , , , 
run_0_repetition_91,TODO,ChatGPT,BB, , , , , , , , , , , , , , , , , 
run_1_repetition_91,TODO,ChatGPT,BFA, , , , , , , , , , , , , , , , , 
run_2_repetition_91,TODO,ChatGPT,SWA, , , , , , , , , , , , , , , , , 
run_3_repetition_91,TODO,Claude,BB, , , , , , , , , , , , , , , , , 
run_4_repetition_91,TODO,Claude,BFA, , , , , , , , , , , , , , , , , 
run_5_repetition_91,TODO,Claude,SWA, , , , , , , , , , , , , , , , , 
run_6_repetition_91,TODO,Gemeni,BB, , , , , , , , , , , , , , , , , 
run_7_repetition_91,TODO,Gemeni,BFA, , , , , , , , , , , , , , , , , 
run_8_repetition_91,TODO,Gemeni,SWA, , , , , , , , , , , , , , , , , 
run_0_repetition_92,TODO,ChatGPT,BB, , , , , , , , , , , , , , , , , 
run_1_repetition_92,TODO,ChatGPT,BFA, , , , , , , , , , , , , , , , , 
run_2_repetition_92,TODO,ChatGPT,SWA, , , , , , , , , , , , , , , , , 
run_3_repetition_92,TODO,Claude,BB, , , , , , , , , , , , , , , , , 
run_4_repetition_92,TODO,Claude,BFA, , , , , , , , , , , , , , , , , 
run_5_repetition_92,TODO,Claude,SWA, , , , , , , , , , , , , , , , , 
run_6_repetition_92,TODO,Gemeni,BB, , , , , , , , , , , , , , , , , 
run_7_repetition_92,TODO,Gemeni,BFA, , , , , , , , , , , , , , , , , 
run_8_repetition_92,TODO,Gemeni,SWA, , , , , , , , , , , , , , , , , 
run_0_repetition_93,TODO,ChatGPT,BB, , , , , , , , , , , , , , , , , 
run_1_repetition_93,TODO,ChatGPT,BFA, , , , , , , , , , , , , , , , , 
run_2_repetition_93,TODO,ChatGPT,SWA, , , , , , , , , , , , , , , , , 
run_3_repetition_93,TODO,Claude,BB, , , , , , , , , , , , , , , , , 
run_4_repetition_93,TODO,Claude,BFA, , , , , , , , , , , , , , , , , 
run_5_repetition_93,TODO,Claude,SWA, , , , , , , , , , , , , , , , , 
run_6_repetition_93,TODO,Gemeni,BB, , , , , , , , , , , , , , , , , 
run_7_repetition_93,TODO,Gemeni,BFA, , , , , , , , , , , , , , , , , 
run_8_repetition_93,TODO,Gemeni,SWA, , , , , , , , , , , , , , , , , 
run_0_repetition_94,TODO,ChatGPT,BB, , , , , , , , , , , , , , , , , 
run_1_repetition_94,TODO,ChatGPT,BFA, , , , , , , , , , , , , , , , , 
run_2_repetition_94,TODO,ChatGPT,SWA, , , , , , , , , , , , , , , , , 
run_3_repetition_94,TODO,Claude,BB, , , , , , , , , , , , , , , , , 
run_4_repetition_94,TODO,Claude,BFA, , , , , , , , , , , , , , , , , 
run_5_repetition_94,TODO,Claude,SWA, , , , , , , , , , , , , , , , , 
run_6_repetition_94,TODO,Gemeni,BB, , , , , , , , , , , , , , , , , 
run_7_repetition_94,TODO,Gemeni,BFA, , , , , , , , , , , , , , , , , 
run_8_repetition_94,TODO,Gemeni,SWA, , , , , , , , , , , , , , , , , 
run_0_repetition_95,TODO,ChatGPT,BB, , , , , , , , , , , , , , , , , 
run_1_repetition_95,TODO,ChatGPT,BFA, , , , , , , , , , , , , , , , , 
run_2_repetition_95,TODO,ChatGPT,SWA, , , , , , , , , , , , , , , , , 
run_3_repetition_95,TODO,Claude,BB, , , , , , , , , , , , , , , , , 
run_4_repetition_95,TODO,Claude,BFA, , , , , , , , , , , , , , , , , 
run_5_repetition_95,TODO,Claude,SWA, , , , , , , , , , , , , , , , , 
run_6_repetition_95,TODO,Gemeni,BB, , , , , , , , , , , , , , , , , 
run_7_repetition_95,TODO,Gemeni,BFA, , , , , , , , , , , , , , , , , 
run_8_repetition_95,TODO,Gemeni,SWA, , , , , , , , , , , , , , , , , 
run_0_repetition_96,TODO,ChatGPT,BB, , , , , , , , , , , , , , , , , 
run_1_repetition_96,TODO,ChatGPT,BFA, , , , , , , , , , , , , , , , , 
run_2_repetition_96,TODO,ChatGPT,SWA, , , , , , , , , , , , , , , , , 
run_3_repetition_96,TODO,Claude,BB, , , , , , , , , , , , , , , , , 
run_4_repetition_96,TODO,Claude,BFA, , , , , , , , , , , , , , , , , 
run_5_repetition_96,TODO,Claude,SWA, , , , , , , , , , , , , , , , , 
run_6_repetition_96,TODO,Gemeni,BB, , , , , , , , , , , , , , , , , 
run_7_repetition_96,TODO,Gemeni,BFA, , , , , , , , , , , , , , , , , 
run_8_repetition_96,TODO,Gemeni,SWA, , , , , , , , , , , , , , , , , 
run_0_repetition_97,TODO,ChatGPT,BB, , , , , , , , , , , , , , , , , 
run_1_repetition_97,TODO,ChatGPT,BFA, , , , , , , , , , , , , , , , , 
run_2_repetition_97,TODO,ChatGPT,SWA, , , , , , , , , , , , , , , , , 
run_3_repetition_97,TODO,Claude,BB, , , , , , , , , , , , , , , , , 
run_4_repetition_97,TODO,Claude,BFA, , , , , , , , , , , , , , , , , 
run_5_repetition_97,TODO,Claude,SWA, , , , , , , , , , , , , , , , , 
run_6_repetition_97,TODO,Gemeni,BB, , , , , , , , , , , , , , , , , 
run_7_repetition_97,TODO,Gemeni,BFA, , , , , , , , , , , , , , , , , 
run_8_repetition_97,TODO,Gemeni,SWA, , , , , , , , , , , , , , , , , 
run_0_repetition_98,TODO,ChatGPT,BB, , , , , , , , , , , , , , , , , 
run_1_repetition_98,TODO,ChatGPT,BFA, , , , , , , , , , , , , , , , , 
run_2_repetition_98,TODO,ChatGPT,SWA, , , , , , , , , , , , , , , , , 
run_3_repetition_98,TODO,Claude,BB, , , , , , , , , , , , , , , , , 
run_4_repetition_98,TODO,Claude,BFA, , , , , , , , , , , , , , , , , 
run_5_repetition_98,TODO,Claude,SWA, , , , , , , , , , , , , , , , , 
run_6_repetition_98,TODO,Gemeni,BB, , , , , , , , , , , , , , , , , 
run_7_repetition_98,TODO,Gemeni,BFA, , , , , , , , , , , , , , , , , 
run_8_repetition_98,TODO,Gemeni,SWA, , , , , , , , , , , , , , , , , 
run_0_repetition_99,TODO,ChatGPT,BB, , , , , , , , , , , , , , , , , 
run_1_repetition_99,TODO,ChatGPT,BFA, , , , , , , , , , , , , , , , , 
run_2_repetition_99,TODO,ChatGPT,SWA, , , , , , , , , , , , , , , , , 
run_3_repetition_99,TODO,Claude,BB, , , , , , , , , , , , , , , , , 
run_4_repetition_99,TODO,Claude,BFA, , , , , , , , , , , , , , , , , 
run_5_repetition_99,TODO,Claude,SWA, , , , , , , , , , , , , , , , , 
run_6_repetition_99,TODO,Gemeni,BB, , , , , , , , , , , , , , , , , 
run_7_repetition_99,TODO,Gemeni,BFA, , , , , , , , , , , , , , , , , 
run_8_repetition_99,TODO,Gemeni,SWA, , , , , , , , , , , , , , , , , 
